NavioShip,OperaçOperat,BandeiraFlag,Cheg/Arrivald/m/y,MercadoriaGoods,PesoWeight
CUMBIA 1,EMB,ILHAS MARSHALL,15/01/2025 13:44:00,OLEO COMBUSTIVEL,30000
PRAVASI,DESC,REP. GABON,15/01/2025 19:42:00,OLEO DIESEL,26821
ARCTOS,EMB,LIBERIANA,16/01/2025 10:00:00,OLEO DIESEL,30000
CLARITY,EMB,LIBERIANA,18/01/2025 18:30:00,OLEO COMBUSTIVEL,30000
ANITA GARIBALDI,EMB,BRASILEIRA,19/01/2025 15:30:00,OLEO COMBUSTIVEL,60000
ECO ORACLE,DESC,ILHAS MARSHALL,19/01/2025 22:54:00,GRAN.LIQUIDO NAO ESPECIF,16799
ALESSANDRO VOLTA,DESC,ITALIANA,21/01/2025,GAS LIQUEFEITO,4000
ALTAIR,EMB,BAHAMENSE,21/01/2025,OLEO DIESEL,30000
ELANDRA STAR,EMB,ILHAS MARSHALL,21/01/2025,OLEO DIESEL,30000
JAKARTA,EMB,LIBERIANA,21/01/2025,OLEO COMBUSTIVEL,50000
LUIGI LAGRANGE,DESC,ITALIANA,21/01/2025,GAS LIQUEFEITO,10000
MANDALA,DESC,LIBERIANA,21/01/2025,OLEO DIESEL,38863
MARLIN,EMB,LIBERIANA,21/01/2025,OLEO DIESEL,16000
MERSEY,EMB,ILHAS MARSHALL,21/01/2025,OLEO DIESEL,30000
SOUTHERN QUOKKA,EMB,LIBERIANA,21/01/2025,GRAN.LIQUIDO NAO ESPECIF,2500
STI JARDINS,EMB,ILHAS MARSHALL,21/01/2025,GASOLINA COMUM,25000
VORIAS,EMB,LIBERIANA,21/01/2025,OLEO DIESEL,30000
WITHAM,DESC,SINGAPURENSE,21/01/2025,OLEO LUBRIFICANTE,2992
CLARICE,DESC,SINGAPURENSE,22/01/2025,GRAN.LIQUIDO NAO ESPECIF,4848
BOW LYNX,EMB,PANAMENHA,22/01/2025 07:00:00,GRAN.LIQUIDO NAO ESPECIF,2280
ORANGE SUN,EMB,LIBERIANA,23/01/2025,SUCOS CITRICOS A GRANEL,30000
CASTILLO DE MACEDA (REB),DESC,BRASILEIRA,23/01/2025 01:00:00,SODA CAUSTICA,8001
HORIZON ARMONIA,EMB,LIBERIANA,23/01/2025 09:22:00,OLEO DIESEL,25000
ARDMORE GIBRALTAR,EMB,SINGAPURENSE,23/01/2025 09:32:00,GASOLINA COMUM,25000
HONESTY,EMB,LIBERIANA,23/01/2025 11:46:00,OLEO COMBUSTIVEL,30000
CARLOS FISCHER,EMB,LIBERIANA,26/01/2025 08:00:00,SUCOS CITRICOS A GRANEL,32040
ORANGE OCEAN,EMB,LIBERIANA,28/01/2025,SUCOS CITRICOS A GRANEL,17000
BOW PERSISTENT,DESC,NORUEGUESA,28/01/2025 06:00:00,GRAN.LIQUIDO NAO ESPECIF,19194
BOW HECTOR,DESC,NORUEGUESA,28/01/2025 07:00:00,GRAN.LIQUIDO NAO ESPECIF,4912
FLUMAR MACEIO (REB),DESC,BRASILEIRA,28/01/2025 07:00:00,GRAN.LIQUIDO NAO ESPECIF,1900
ORANGE STAR,EMB,LIBERIANA,01/02/2025,SUCOS CITRICOS A GRANEL,32000
STAVANGER POSEIDON,DESC,NORUEGUESA,02/02/2025 07:00:00,GRAN.LIQUIDO NAO ESPECIF,11622
PREMIUM DO BRASIL,EMB,LIBERIANA,02/02/2025 08:00:00,SUCOS CITRICOS A GRANEL,30080
ORANGE BLOSSOM 2,EMB,LIBERIANA,07/02/2025,SUCOS CITRICOS A GRANEL,17000
ORANGE SKY,EMB,LIBERIANA,08/02/2025,SUCOS CITRICOS A GRANEL,18400
JUMEIRAH BEACH,DESC,HONG KONG,24/01/2025,TRIGO A GRANEL,29700
YM PIONEER,EMB,LIBERIANA,08/12/2024 17:20:00,SOJA A GRANEL,69300
GLOBE DANAE,EMB,ILHAS MARSHALL,13/01/2025 10:18:00,SOJA A GRANEL,63000
FREYA SCHULTE,EMB,SINGAPURENSE,13/01/2025 17:00:00,MILHO A GRANEL,37000
CL DAYANG HE,EMB,LIBERIANA,16/01/2025 10:12:00,SOJA A GRANEL,68300
VICTORIA,EMB,ILHAS MARSHALL,16/01/2025 17:45:00,PELLETS A GRANEL,55000
JY SHANGHAI,EMB,ILHAS MARSHALL,16/01/2025 22:18:00,SOJA A GRANEL,69701
MEDI EGADI,EMB,LIBERIANA,21/01/2025,MILHO A GRANEL,71437
ALPHA VISION,EMB,GREGA,21/01/2025 03:00:00,SOJA A GRANEL,66000
KYPROS BRAVERY,EMB,CIPRIOTA,21/01/2025 18:00:00,SOJA A GRANEL,63000
VIBEKE IRIS,EMB,PANAMENHA,22/01/2025 08:00:00,SOJA A GRANEL,66000
CANOLA ZIBO,EMB,ILHAS MARSHALL,23/01/2025 07:00:00,PELLETS A GRANEL,63000
IVESTOS 9,EMB,LIBERIANA,23/01/2025 07:00:00,SOJA A GRANEL,65000
IOLCOS FIGHTER,EMB,MALTESA,25/01/2025 08:00:00,SOJA A GRANEL,66200
PHOENIX,EMB,ILHAS MARSHALL,28/01/2025,SOJA A GRANEL,69300
EN MAY,EMB,LIBERIANA,29/01/2025 07:00:00,PELLETS A GRANEL,63000
TAI KUDOS,EMB,PANAMENHA,01/02/2025 12:00:00,SOJA A GRANEL,69300
MANDARIN SINGAPORE,DESC,SINGAPURENSE,25/12/2024 19:42:00,FERTILIZANTES,49500
PRINCESSE OUI,DESC,LIBERIANA,02/01/2025 09:00:00,FERTILIZANTES,30799
WISDOM DIVA,DESC,PANAMENHA,04/01/2025 15:00:00,FERTILIZANTES,77500
SUPRA MONARCH,DESC,LIBERIANA,09/01/2025 15:30:00,FERTILIZANTES,51115
ORIENT FOCUS,DESC,PORTUGUESA,11/01/2025 01:13:00,ENXOFRE A GRANEL,44029
LAOURA,DESC,LIBERIANA,11/01/2025 15:16:00,FERTILIZANTES,17499
ROSTRUM AMERICA,DESC,LIBERIANA,16/01/2025 23:30:00,FERTILIZANTES,21250
FEDERAL ST LAURENT,DESC,ILHAS MARSHALL,18/01/2025 11:18:00,FERTILIZANTES,15998
STAR STONINGTON,DESC,LIBERIANA,18/01/2025 18:00:00,FERTILIZANTES,49223
GLADIATOR,DESC,BAHAMENSE,19/01/2025 15:36:00,FERTILIZANTES,46541
GENCO MADELEINE,DESC,ILHAS MARSHALL,19/01/2025 19:00:00,FERTILIZANTES,35727
SIDER IMABARI,DESC,ILHAS MARSHALL,20/01/2025 20:48:00,ENXOFRE A GRANEL,32175
CAPTAIN D LEMPESIS,DESC,LIBERIANA,21/01/2025,FERTILIZANTES,17000
EQUINOX STAR,DESC,GRANDCAYMANA,21/01/2025,FERTILIZANTES,14170
SAGA FALCON,DESC,HONG KONG,21/01/2025 16:12:00,ENXOFRE A GRANEL,35002
KIRRIBILLI,DESC,PANAMENHA,25/01/2025 11:00:00,FERTILIZANTES,32825
LETO,DESC,PANAMENHA,30/01/2025 10:00:00,ENXOFRE A GRANEL,41353
MUSALA,DESC,MALTESA,05/02/2025 13:00:00,FERTILIZANTES,13793
ALKYONI,EMB,ILHAS MARSHALL,14/12/2024 14:00:00,ACUCAR A GRANEL,48000
HUAN HANG 19,EMB,CHINESA,17/01/2025 09:06:00,GRAN.SOLIDO NAO ESPECIF,70000
MYKONOS,EMB,MALTESA,18/01/2025 07:51:00,ACUCAR A GRANEL,75000
SEA DIAMOND I,EMB,PANAMENHA,20/01/2025 07:00:00,ACUCAR A GRANEL,49000
SSI DISCOVERY,EMB,ILHAS MARSHALL,21/01/2025,ACUCAR A GRANEL,60500
CMB MATSYS,EMB,PANAMENHA,24/01/2025 05:00:00,ACUCAR A GRANEL,43000
GU IMABARI,EMB,PANAMENHA,24/01/2025 07:00:00,ACUCAR A GRANEL,70000
INFINITY SKY,EMB,PANAMENHA,24/01/2025 16:26:00,ACUCAR A GRANEL,60000
CSSC IMMINGHAM,EMB,HONG KONG,25/01/2025 10:00:00,GRAN.SOLIDO NAO ESPECIF,85000
GRANDE NIGERIA,EMBDESC,ITALIANA,20/01/2025 14:00:00,CONTEINERES CHEIOSCONTEINERES CHEIOS,36003600
GRANDE LAGOS,EMBDESC,ITALIANA,21/01/2025,CONTEINERES CHEIOSCONTEINERES CHEIOS,72007200
GRANDE AMBURGO,EMB,ITALIANA,26/01/2025 01:00:00,CONTEINERES CHEIOSCONTEINERES CHEIOS,3600
CHESAPEAKE HIGHWAY,EMB,PANAMENHA,28/01/2025,VEICULO,9800
ADRIATIC HIGHWAY,EMB,JAPONESA,28/01/2025 06:00:00,VEICULO,9800
POLARIS LEADER,EMBDESC,SINGAPURENSE,30/01/2025 01:00:00,VEICULOS/VRS/CCS.RO-ROVEICULOS/VRS/CCS.RO-RO,25002500
FLORIDA HIGHWAY,EMB,PANAMENHA,02/02/2025 06:00:00,VEICULO,9800
GLOVIS SKY,EMBDESC,ILHAS MARSHALL,06/02/2025 07:00:00,VEICULOS/VRS/CCS.RO-ROVEICULOS/VRS/CCS.RO-RO,28005
GOODWOOD,EMB,LIBERIANA,07/02/2025 06:00:00,VEICULO,9800
BRAM ATLAS,EMB,BRASILEIRA,21/01/2025,CARGA GERAL,1
BRAM ATLAS,EMB,BRASILEIRA,21/01/2025,CARGA GERAL,1
BRAM TITAN,EMB,BRASILEIRA,21/01/2025,CARGA GERAL,1
BRAM TITAN,EMB,BRASILEIRA,21/01/2025,CARGA GERAL,1
C TEMPORAL,EMB,BRASILEIRA,21/01/2025,CARGA GERAL,1
CBO FLAMENGO,EMB,BRASILEIRA,21/01/2025,CARGA GERAL,1
HOS REMINGTON,EMB,MEXICANA,21/01/2025,CARGA GERAL,1
HOS TAURUS (REB),EMB,BRASILEIRA,21/01/2025,CARGA GERAL,1
NORMAND MAXIMUS,EMB,NORUEGUESA,21/01/2025,CARGA GERAL,1
SKANDI AMAZONAS,EMB,BRASILEIRA,21/01/2025,CARGA GERAL,1
SKANDI AMAZONAS,EMB,BRASILEIRA,21/01/2025,CARGA GERAL,1
SKANDI ANGRA,EMB,BRASILEIRA,21/01/2025,CARGA GERAL,1
SKANDI ANGRA,EMB,BRASILEIRA,21/01/2025,CARGA GERAL,1
SKANDI IGUAÇU,EMB,BRASILEIRA,21/01/2025,CARGA GERAL,1
SKANDI IGUAÇU,EMB,BRASILEIRA,21/01/2025,CARGA GERAL,1
HOS COLT,EMB,MEXICANA,01/02/2025 06:00:00,CARGA GERAL,1
HOS REMINGTON,EMB,MEXICANA,07/02/2025 06:00:00,CARGA GERAL,1
HOS TAURUS (REB),EMB,BRASILEIRA,17/02/2025 06:00:00,CARGA GERAL,1
CBO FLAMENGO,EMB,BRASILEIRA,20/02/2025 06:00:00,CARGA GERAL,1
HOS COLT,EMB,MEXICANA,20/02/2025 06:00:00,CARGA GERAL,1
NORMAND MAXIMUS,EMB,NORUEGUESA,15/03/2025 06:00:00,CARGA GERAL,1
CBO IPANEMA,EMB,BRASILEIRA,28/03/2025 06:00:00,CARGA GERAL,1
LARCH ARROW,EMB,BAHAMENSE,21/01/2025,PAPEL E CELULOSE,28100
TENCA ARROW,EMB,BAHAMENSE,22/01/2025 06:00:00,PAPEL E CELULOSE,31000
KALIMANTAN EXPRESS,EMB,SINGAPURENSE,23/01/2025,PAPEL E CELULOSE,47500
COSCO SHIPPING TENG DA,EMB,CHINESA,27/01/2025 16:29:00,PAPEL E CELULOSE,21200
MSC LOS ANGELES,EMBDESC,LIBERIANA,13/06/2024 10:00:00,CONTEINERES CHEIOSCONTEINERES CHEIOS,180018000
ALS VESTA,EMBDESC,SINGAPURENSE,05/08/2024 16:00:00,CONTEINERES CHEIOSCONTEINERES CHEIOS,18001800
MAIPO,EMB,LIBERIANA,24/11/2024 17:00:00,CONTEINERES CHEIOSCONTEINERES CHEIOS,1620
CMA CGM MAUPASSANT,EMBDESC,MALTESA,15/01/2025 13:00:00,CONTEINERES CHEIOSCONTEINERES CHEIOS,18001800
JAMAICA EXPRESS,EMBDESC,ILHAS MARSHALL,16/01/2025 21:00:00,CONTEINERES CHEIOSCONTEINERES CHEIOS,3220210
NC BRUMA (REB S/L),EMBDESC,BRASILEIRA,17/01/2025 07:25:00,CONTEINERES CHEIOSCONTEINERES CHEIOS,45006300
NAVEGANTES EXPRESS,EMBDESC,SINGAPURENSE,19/01/2025 01:48:00,CONTEINERES CHEIOSCONTEINERES CHEIOS,21852180
CMA CGM PLATON,EMBDESC,MALTESA,19/01/2025 11:48:00,CONTEINERES CHEIOSCONTEINERES CHEIOS,18001800
BF HAMBURG,EMBDESC,LIBERIANA,20/01/2025 06:12:00,CONTEINERES CHEIOSCONTEINERES CHEIOS,126001800
MSC AGADIR,EMBDESC,HONG KONG,20/01/2025 08:42:00,CONTEINERES CHEIOSCONTEINERES CHEIOS,180001800
MSC GAYANE,EMBDESC,LIBERIANA,20/01/2025 17:30:00,CONTEINERES CHEIOSCONTEINERES CHEIOS,180027000
ZIM BALTIMORE,EMBDESC,LIBERIANA,20/01/2025 20:30:00,CONTEINERES CHEIOSCONTEINERES CHEIOS,18001800
LOG-IN POLARIS,EMBDESC,BRASILEIRA,20/01/2025 20:35:00,CONTEINERES CHEIOSCONTEINERES CHEIOS,72007200
ALESSIA,EMBDESC,LIBERIANA,21/01/2025,CONTEINERES CHEIOSCONTEINERES CHEIOS,108003600
ALS VESTA,EMBDESC,SINGAPURENSE,21/01/2025,CONTEINERES CHEIOSCONTEINERES CHEIOS,54005400
AS CASPRIA,EMBDESC,LIBERIANA,21/01/2025,CONTEINERES CHEIOSCONTEINERES CHEIOS,18001800
BREMERHAVEN EXPRESS,EMBDESC,MALTESA,21/01/2025,CONTEINERES CHEIOSCONTEINERES CHEIOS,108026226
BRIGHT,EMBDESC,PORTUGUESA,21/01/2025,CONTEINERES CHEIOSCONTEINERES CHEIOS,54005400
BROOKLYN BRIDGE,EMBDESC,JAPONESA,21/01/2025,CONTEINERES CHEIOSCONTEINERES CHEIOS,153001530
CMA CGM PLATON,EMBDESC,MALTESA,21/01/2025,CONTEINERES CHEIOSCONTEINERES CHEIOS,18001800
ENSENADA,EMBDESC,LIBERIANA,21/01/2025,CONTEINERES CHEIOSCONTEINERES CHEIOS,18001800
LOG-IN EVOLUTION,EMBDESC,BRASILEIRA,21/01/2025,CONTEINERES CHEIOSCONTEINERES CHEIOS,72007200
LOG-IN EXPERIENCE (REB),EMBDESC,BRASILEIRA,21/01/2025,CONTEINERES CHEIOSCONTEINERES CHEIOS,72007200
MAERSK MONTE ALEGRE,EMBDESC,SINGAPURENSE,21/01/2025,CONTEINERES CHEIOSCONTEINERES CHEIOS,18001800
MSC ALICANTE,EMBDESC,MALTESA,21/01/2025,CONTEINERES CHEIOSCONTEINERES CHEIOS,180014400
MSC ALIYA,EMBDESC,LIBERIANA,21/01/2025,CONTEINERES CHEIOSCONTEINERES CHEIOS,180027000
MSC BARCELONA,EMB,MALTESA,21/01/2025,CONTEINERES CHEIOSCONTEINERES CHEIOS,1800
MSC CARMELITA,EMBDESC,LIBERIANA,21/01/2025,CONTEINERES CHEIOSCONTEINERES CHEIOS,180027000
MSC CHIARA X,EMBDESC,LIBERIANA,21/01/2025,CONTEINERES CHEIOSCONTEINERES CHEIOS,270001800
MSC CLEA,EMBDESC,PORTUGUESA,21/01/2025,CONTEINERES CHEIOSCONTEINERES CHEIOS,270001800
MSC DOMITILLE,EMBDESC,PORTUGUESA,21/01/2025,CONTEINERES CHEIOSCONTEINERES CHEIOS,270001800
MSC MAXINE,EMBDESC,PORTUGUESA,21/01/2025,CONTEINERES CHEIOSCONTEINERES CHEIOS,180012600
MSC NOA,EMBDESC,LIBERIANA,21/01/2025,CONTEINERES CHEIOSCONTEINERES CHEIOS,180014400
MSC PEGASUS VII,EMBDESC,LIBERIANA,21/01/2025,CONTEINERES CHEIOSCONTEINERES CHEIOS,180014400
MSC PILAR VI,EMBDESC,LIBERIANA,21/01/2025,CONTEINERES CHEIOSCONTEINERES CHEIOS,180027000
MSC PUSAN,EMBDESC,CIPRIOTA,21/01/2025,CONTEINERES CHEIOSCONTEINERES CHEIOS,270001800
MSC SANTA MARIA,EMBDESC,PANAMENHA,21/01/2025,CONTEINERES CHEIOSCONTEINERES CHEIOS,270001800
NC BREDA (REB S/L),EMBDESC,BRASILEIRA,21/01/2025,CONTEINERES CHEIOSCONTEINERES CHEIOS,45006300
PALENA,EMBDESC,LIBERIANA,21/01/2025,CONTEINERES CHEIOSCONTEINERES CHEIOS,162015300
PARANAGUA EXPRESS,EMBDESC,SINGAPURENSE,21/01/2025,CONTEINERES CHEIOSCONTEINERES CHEIOS,21852180
SEATTLE C,EMBDESC,CIPRIOTA,21/01/2025,CONTEINERES CHEIOSCONTEINERES CHEIOS,180010800
TOKYO BAY,EMBDESC,LIBERIANA,21/01/2025,CONTEINERES CHEIOSCONTEINERES CHEIOS,162015300
TRAIGUEN,EMBDESC,LIBERIANA,21/01/2025,CONTEINERES CHEIOSCONTEINERES CHEIOS,18001800
XIAMEN EXPRESS,EMBDESC,HONG KONG,21/01/2025,CONTEINERES CHEIOSCONTEINERES CHEIOS,17370360
HONG PROSPERITY,EMBDESC,PANAMENHA,21/01/2025 07:00:00,CONTEINERES CHEIOSCONTEINERES CHEIOS,126004500
SEASPAN HARRIER,EMBDESC,HONG KONG,21/01/2025 16:30:00,CONTEINERES CHEIOSCONTEINERES CHEIOS,153015300
MSC DOMITILLE,EMB,PORTUGUESA,21/01/2025 23:00:00,CONTEINERES CHEIOSCONTEINERES CHEIOS,1800
CORCOVADO,EMBDESC,LIBERIANA,22/01/2025,CONTEINERES CHEIOSCONTEINERES CHEIOS,10814760
RDO FORTUNE,EMB,LIBERIANA,22/01/2025,CONTEINERES CHEIOSCONTEINERES CHEIOS,2106
SEASPAN OSPREY,EMBDESC,HONG KONG,22/01/2025 05:00:00,CONTEINERES CHEIOSCONTEINERES CHEIOS,153015300
GREENLAND,EMBDESC,MALTESA,22/01/2025 10:00:00,CONTEINERES CHEIOSCONTEINERES CHEIOS,180014400
CMA CGM SAO PAULO,EMBDESC,MALTESA,22/01/2025 12:00:00,CONTEINERES CHEIOSCONTEINERES CHEIOS,18001800
MERCOSUL SANTOS,EMBDESC,BRASILEIRA,22/01/2025 12:00:00,CONTEINERES CHEIOSCONTEINERES CHEIOS,18001800
LOG-IN PANTANAL (REB),EMBDESC,BRASILEIRA,22/01/2025 17:00:00,CONTEINERES CHEIOSCONTEINERES CHEIOS,72007200
HYUNDAI GOODWILL,EMBDESC,COREANA,22/01/2025 18:00:00,CONTEINERES CHEIOSCONTEINERES CHEIOS,126004500
IRENES RULE,EMBDESC,ILHAS MARSHALL,23/01/2025,CONTEINERES CHEIOSCONTEINERES CHEIOS,4536360
MONTE ROSA,EMBDESC,SINGAPURENSE,23/01/2025,CONTEINERES CHEIOSCONTEINERES CHEIOS,18001800
VICENTE PINZÓN,EMBDESC,BRASILEIRA,23/01/2025 01:00:00,CONTEINERES CHEIOSCONTEINERES CHEIOS,18001800
COSCO SHIPPING MEXICO,EMBDESC,HONG KONG,23/01/2025 07:00:00,CONTEINERES CHEIOSCONTEINERES CHEIOS,360010800
EVER LOVELY,EMBDESC,SINGAPURENSE,23/01/2025 07:00:00,CONTEINERES CHEIOSCONTEINERES CHEIOS,21600180
MAERSK LOTA,EMBDESC,DINAMARQUESA,23/01/2025 20:00:00,CONTEINERES CHEIOSCONTEINERES CHEIOS,18001800
GSL ARCADIA,EMBDESC,LIBERIANA,24/01/2025,CONTEINERES CHEIOSCONTEINERES CHEIOS,18001800
PEDRO ÁLVARES CABRAL,EMBDESC,BRASILEIRA,24/01/2025,CONTEINERES CHEIOSCONTEINERES CHEIOS,36003600
MSC SARA ELENA,EMBDESC,PORTUGUESA,24/01/2025 01:00:00,CONTEINERES CHEIOSCONTEINERES CHEIOS,180012600
MSC SHUBA B,EMBDESC,PORTUGUESA,24/01/2025 03:00:00,CONTEINERES CHEIOSCONTEINERES CHEIOS,270001800
SAN ALBERTO,EMBDESC,LIBERIANA,24/01/2025 08:00:00,CONTEINERES CHEIOSCONTEINERES CHEIOS,18001800
AS CASPRIA,EMBDESC,LIBERIANA,24/01/2025 10:21:00,CONTEINERES CHEIOSCONTEINERES CHEIOS,18001800
MSC KALAMATA VII,EMBDESC,LIBERIANA,24/01/2025 13:00:00,CONTEINERES CHEIOSCONTEINERES CHEIOS,180027000
CAPE PIONEER,EMBDESC,CIPRIOTA,25/01/2025,CONTEINERES CHEIOSCONTEINERES CHEIOS,18666126
SAN LORENZO MAERSK,EMBDESC,DINAMARQUESA,25/01/2025 03:00:00,CONTEINERES CHEIOSCONTEINERES CHEIOS,18001800
SEATTLE C,EMBDESC,CIPRIOTA,25/01/2025 07:00:00,CONTEINERES CHEIOSCONTEINERES CHEIOS,108003600
MAERSK MONTE ALEGRE,EMBDESC,SINGAPURENSE,25/01/2025 08:00:00,CONTEINERES CHEIOSCONTEINERES CHEIOS,18001800
KOTA PURI,EMBDESC,HONG KONG,25/01/2025 22:00:00,CONTEINERES CHEIOSCONTEINERES CHEIOS,126004500
MSC ALBANY,EMBDESC,LIBERIANA,25/01/2025 23:00:00,CONTEINERES CHEIOSCONTEINERES CHEIOS,180001800
DALIAN EXPRESS,EMBDESC,LIBERIANA,26/01/2025,CONTEINERES CHEIOSCONTEINERES CHEIOS,162015300
SAN RAPHAEL MAERSK,EMBDESC,DINAMARQUESA,26/01/2025,CONTEINERES CHEIOSCONTEINERES CHEIOS,18001800
COSCO SHIPPING DANUBE,EMBDESC,HONG KONG,26/01/2025 07:00:00,CONTEINERES CHEIOSCONTEINERES CHEIOS,36009000
ZIM USA,EMBDESC,HONG KONG,26/01/2025 07:00:00,CONTEINERES CHEIOSCONTEINERES CHEIOS,90009000
CMA CGM AMAZONIA,EMBDESC,MALTESA,26/01/2025 12:00:00,CONTEINERES CHEIOSCONTEINERES CHEIOS,18001800
LOG-IN JATOBÁ,EMBDESC,BRASILEIRA,26/01/2025 14:00:00,CONTEINERES CHEIOSCONTEINERES CHEIOS,72007200
TRAIGUEN,EMBDESC,LIBERIANA,26/01/2025 18:00:00,CONTEINERES CHEIOSCONTEINERES CHEIOS,18001800
DUSSELDORF EXPRESS,EMBDESC,BERMUDAS,27/01/2025,CONTEINERES CHEIOSCONTEINERES CHEIOS,128344266
NC BRAVO (REB S/L),EMBDESC,BRASILEIRA,27/01/2025,CONTEINERES CHEIOSCONTEINERES CHEIOS,45006300
MSC DENISSE X,EMBDESC,LIBERIANA,27/01/2025 01:00:00,CONTEINERES CHEIOSCONTEINERES CHEIOS,270001800
MSC ALGHERO,EMBDESC,PANAMENHA,27/01/2025 03:00:00,CONTEINERES CHEIOSCONTEINERES CHEIOS,180027000
LOG-IN DISCOVERY (REB S/L,EMBDESC,BRASILEIRA,27/01/2025 07:00:00,CONTEINERES CHEIOSCONTEINERES CHEIOS,72007200
XIN CHANG SHA,EMBDESC,CHINESA,27/01/2025 07:00:00,CONTEINERES CHEIOSCONTEINERES CHEIOS,36009000
MSC VANESSA,EMBDESC,PANAMENHA,27/01/2025 11:00:00,CONTEINERES CHEIOSCONTEINERES CHEIOS,180014400
MSC CHIARA X,EMBDESC,LIBERIANA,28/01/2025 03:00:00,CONTEINERES CHEIOSCONTEINERES CHEIOS,180027000
CAPE BYRON,EMBDESC,ILHAS MARSHALL,28/01/2025 12:00:00,CONTEINERES CHEIOSCONTEINERES CHEIOS,126004500
CAPE ARTEMISIO,EMBDESC,MALTESA,29/01/2025,CONTEINERES CHEIOSCONTEINERES CHEIOS,21852180
GSL ARCADIA,EMBDESC,LIBERIANA,29/01/2025,CONTEINERES CHEIOSCONTEINERES CHEIOS,18001800
MAERSK RUBICON,EMBDESC,SINGAPURENSE,29/01/2025,CONTEINERES CHEIOSCONTEINERES CHEIOS,18001800
MAERSK LAVRAS,EMBDESC,DINAMARQUESA,29/01/2025 01:00:00,CONTEINERES CHEIOSCONTEINERES CHEIOS,18001800
MONTE TAMARO,EMBDESC,SINGAPURENSE,29/01/2025 01:00:00,CONTEINERES CHEIOSCONTEINERES CHEIOS,18001800
LOG-IN PANTANAL (REB),EMBDESC,BRASILEIRA,29/01/2025 17:00:00,CONTEINERES CHEIOSCONTEINERES CHEIOS,72007200
BREMERHAVEN EXPRESS,EMBDESC,MALTESA,30/01/2025,CONTEINERES CHEIOSCONTEINERES CHEIOS,17370360
IRENES RESOLVE,EMBDESC,LIBERIANA,30/01/2025,CONTEINERES CHEIOSCONTEINERES CHEIOS,4536360
SEBASTIÃO CABOTO,EMBDESC,BRASILEIRA,30/01/2025,CONTEINERES CHEIOSCONTEINERES CHEIOS,36003600
MAERSK GANGES (REB),EMBDESC,BRASILEIRA,30/01/2025 01:00:00,CONTEINERES CHEIOSCONTEINERES CHEIOS,18001800
COSCO SHIPPING URUGUAY,EMBDESC,HONG KONG,30/01/2025 07:00:00,CONTEINERES CHEIOSCONTEINERES CHEIOS,90003600
COSCO SHIPPING RHINE,EMBDESC,HONG KONG,31/01/2025 07:00:00,CONTEINERES CHEIOSCONTEINERES CHEIOS,36009000
AS SABINE,EMBDESC,LIBERIANA,31/01/2025 08:00:00,CONTEINERES CHEIOSCONTEINERES CHEIOS,18001800
MAERSK RUBICON,EMBDESC,SINGAPURENSE,01/02/2025 02:00:00,CONTEINERES CHEIOSCONTEINERES CHEIOS,18001800
SAN MARCO MAERSK,EMBDESC,DINAMARQUESA,01/02/2025 03:00:00,CONTEINERES CHEIOSCONTEINERES CHEIOS,18001800
BBC ECHO,DESC,ANTIGUANA,01/02/2025 06:00:00,CONTEINERES CHEIOS,540
PALENA,EMBDESC,LIBERIANA,01/02/2025 11:00:00,CONTEINERES CHEIOSCONTEINERES CHEIOS,162015300
SAN ANTONIO MAERSK,EMBDESC,DINAMARQUESA,02/02/2025 02:00:00,CONTEINERES CHEIOSCONTEINERES CHEIOS,18001800
MAERSK LA PAZ,EMBDESC,DINAMARQUESA,02/02/2025 14:00:00,CONTEINERES CHEIOSCONTEINERES CHEIOS,18001800
MAERSK LOTA,EMBDESC,DINAMARQUESA,02/02/2025 18:00:00,CONTEINERES CHEIOSCONTEINERES CHEIOS,18001800
HYUNDAI PARAMOUNT,EMBDESC,LIBERIANA,02/02/2025 19:00:00,CONTEINERES CHEIOSCONTEINERES CHEIOS,126004500
AS CASPRIA,EMBDESC,LIBERIANA,03/02/2025 10:24:00,CONTEINERES CHEIOSCONTEINERES CHEIOS,18001800
CAP SAN TAINARO,EMBDESC,PANAMENHA,04/02/2025 08:00:00,CONTEINERES CHEIOSCONTEINERES CHEIOS,18001800
HYUNDAI SUPREME,EMBDESC,ILHAS MARSHALL,05/02/2025 19:00:00,CONTEINERES CHEIOSCONTEINERES CHEIOS,126004500
BARTOLOMEU DIAS,EMBDESC,BRASILEIRA,06/02/2025 02:00:00,CONTEINERES CHEIOSCONTEINERES CHEIOS,18001800
NYK DIANA,EMB,PANAMENHA,06/02/2025 11:00:00,CONTEINERES CHEIOSCONTEINERES CHEIOS,1530
SEASPAN HARRIER,EMBDESC,HONG KONG,06/02/2025 11:00:00,CONTEINERES CHEIOSCONTEINERES CHEIOS,153001530
MAERSK LAMANAI,EMBDESC,DINAMARQUESA,06/02/2025 20:00:00,CONTEINERES CHEIOSCONTEINERES CHEIOS,18001800
FERNÃO DE MAGALHÃES,EMBDESC,BRASILEIRA,07/02/2025,CONTEINERES CHEIOSCONTEINERES CHEIOS,36003600
SAN ALBERTO,EMBDESC,LIBERIANA,07/02/2025 08:00:00,CONTEINERES CHEIOSCONTEINERES CHEIOS,18001800
BREMEN BELLE,EMBDESC,SINGAPURENSE,07/02/2025 16:00:00,CONTEINERES CHEIOSCONTEINERES CHEIOS,18001800
SAN NICOLAS MAERSK,EMBDESC,DINAMARQUESA,08/02/2025 03:00:00,CONTEINERES CHEIOSCONTEINERES CHEIOS,18001800
MONTE VERDE,EMBDESC,SINGAPURENSE,09/02/2025 02:00:00,CONTEINERES CHEIOSCONTEINERES CHEIOS,18001800
SAN LORENZO MAERSK,EMBDESC,DINAMARQUESA,09/02/2025 02:00:00,CONTEINERES CHEIOSCONTEINERES CHEIOS,18001800
MAERSK LEBU,EMBDESC,DINAMARQUESA,09/02/2025 14:00:00,CONTEINERES CHEIOSCONTEINERES CHEIOS,18001800
SEASPAN OSPREY,EMBDESC,HONG KONG,09/02/2025 23:00:00,CONTEINERES CHEIOSCONTEINERES CHEIOS,153001530
CORCOVADO,EMB,LIBERIANA,10/02/2025 11:00:00,CONTEINERES CHEIOSCONTEINERES CHEIOS,26298
MAERSK REDWOOD,EMBDESC,SINGAPURENSE,10/02/2025 11:00:00,CONTEINERES CHEIOSCONTEINERES CHEIOS,18001800
VICENTE PINZÓN,EMBDESC,BRASILEIRA,13/02/2025 02:00:00,CONTEINERES CHEIOSCONTEINERES CHEIOS,18001800
MAERSK LEON (AO),EMBDESC,DINAMARQUESA,13/02/2025 20:00:00,CONTEINERES CHEIOSCONTEINERES CHEIOS,18001800
AS SABINE,EMBDESC,LIBERIANA,14/02/2025 08:00:00,CONTEINERES CHEIOSCONTEINERES CHEIOS,18001800
PL GERMANY,EMBDESC,SINGAPURENSE,14/02/2025 16:00:00,CONTEINERES CHEIOSCONTEINERES CHEIOS,18001800
CAP SAN ARTEMISSIO,EMBDESC,PANAMENHA,15/02/2025 03:00:00,CONTEINERES CHEIOSCONTEINERES CHEIOS,18001800
MONTE VERDE,EMBDESC,SINGAPURENSE,15/02/2025 08:00:00,CONTEINERES CHEIOSCONTEINERES CHEIOS,18001800
SAN MARCO MAERSK,EMBDESC,DINAMARQUESA,16/02/2025 02:00:00,CONTEINERES VAZIOSCONTEINERES CHEIOS,1001800
MAERSK LUZ,EMBDESC,DINAMARQUESA,16/02/2025 14:00:00,CONTEINERES CHEIOSCONTEINERES CHEIOS,18001800
MAERSK LAMANAI,EMBDESC,DINAMARQUESA,16/02/2025 18:00:00,CONTEINERES CHEIOSCONTEINERES CHEIOS,18001800
MAERSK ACADIA,EMBDESC,PANAMENHA,17/02/2025 11:00:00,CONTEINERES CHEIOSCONTEINERES CHEIOS,18001800
MAERSK LA PAZ,EMBDESC,DINAMARQUESA,18/02/2025 08:00:00,CONTEINERES CHEIOSCONTEINERES CHEIOS,18001800
NYK DIANA,EMBDESC,PANAMENHA,18/02/2025 13:00:00,CONTEINERES CHEIOSCONTEINERES CHEIOS,153001530
MAERSK MONTE LINZOR,EMBDESC,SINGAPURENSE,19/02/2025 02:00:00,CONTEINERES CHEIOSCONTEINERES CHEIOS,18001800
SAN ALBERTO,EMBDESC,LIBERIANA,21/02/2025 08:00:00,CONTEINERES CHEIOSCONTEINERES CHEIOS,18001800
PL GERMANY,EMBDESC,SINGAPURENSE,22/02/2025 02:00:00,CONTEINERES CHEIOSCONTEINERES CHEIOS,18001800
SAN AUGUSTIN MAERSK,EMBDESC,DINAMARQUESA,22/02/2025 03:00:00,CONTEINERES CHEIOSCONTEINERES CHEIOS,18001800
SAN NICOLAS MAERSK,EMBDESC,DINAMARQUESA,23/02/2025 02:00:00,CONTEINERES CHEIOSCONTEINERES CHEIOS,18001800
MAERSK LINS,EMBDESC,DINAMARQUESA,23/02/2025 14:00:00,CONTEINERES CHEIOSCONTEINERES CHEIOS,18001800
MAERSK LEON (AO),EMBDESC,DINAMARQUESA,23/02/2025 18:00:00,CONTEINERES CHEIOSCONTEINERES CHEIOS,18001800
MAERSK LEBU,EMBDESC,DINAMARQUESA,25/02/2025 08:00:00,CONTEINERES CHEIOSCONTEINERES CHEIOS,18001800
TRAIGUEN,EMBDESC,LIBERIANA,27/02/2025 20:00:00,CONTEINERES CHEIOSCONTEINERES CHEIOS,18001800
MAERSK MONTE LINZOR,EMBDESC,SINGAPURENSE,01/03/2025 01:00:00,CONTEINERES CHEIOSCONTEINERES CHEIOS,18001800
FALCON TRADER,EMB,PANAMENHA,17/01/2025 05:48:00,OUTROS,1
FAZENDAO,EMB,BRASILEIRA,21/01/2025,OUTROS,1
FEDERAL THUNDER BAY,EMB,ILHAS MARSHALL,21/01/2025,OUTROS,1
SAVEIROS GAIVOTA,EMB,BRASILEIRA,21/01/2025,OUTROS,1000
SAVEIROS GAIVOTA,EMB,BRASILEIRA,21/01/2025,OUTROS,1
STAR NAVARRA,EMB,ILHAS MARSHALL,21/01/2025,PAPEL E CELULOSE,31645
BBC PEARL,EMB,ANTIGUANA,24/01/2025,CARGA GERAL,7
UTRECHT,EMB,HOLANDESA,07/01/2025 08:00:00,CARGA GERAL,1
CBO ANITA,EMB,BRASILEIRA,21/01/2025,CARGA GERAL,1
CBO ENDEAVOUR (REB),EMB,BRASILEIRA,21/01/2025,CARGA GERAL,1
CBO ENDEAVOUR (REB),EMB,BRASILEIRA,21/01/2025,CARGA GERAL,1
SAIPEM FDS,EMB,BAHAMENSE,21/01/2025,CARGA GERAL,1
SAIPEM FDS,EMB,BAHAMENSE,21/01/2025,CARGA GERAL,1
SIEM EMERALD,EMB,NORUEGUESA,21/01/2025,CARGA GERAL,1
SIEM EMERALD,EMB,NORUEGUESA,21/01/2025,CARGA GERAL,1
TORM AMORINA,EMB,DINAMARQUESA,21/01/2025 05:00:00,ETHANOL,8861
GOLDEN CITRUS,EMB,PORTUGUESA,21/01/2025 08:00:00,SUCOS CITRICOS A GRANEL,18960
FLORIDA HIGHWAY,EMBDESC,PANAMENHA,21/01/2025 14:00:00,VEICULOVEICULO,980027200
BRAVE SWALLOW,DESC,LIBERIANA,23/01/2025 13:00:00,PRODUTOS SIDERURGICOS,32687
COSCO SHIPPING FOUNTAIN,EMB,HONG KONG,24/01/2025 14:05:00,PAPEL E CELULOSE,20000
HOEGH GIANT,EMB,SINGAPURENSE,25/01/2025 06:00:00,GRAN.LIQUIDO NAO ESPECIF,1
GREEN VITORIA,EMB,LIBERIANA,25/01/2025 10:00:00,PAPEL E CELULOSE,45000
MAPLE ARROW,EMB,BAHAMENSE,26/01/2025 08:00:00,PAPEL E CELULOSE,4690
ATLANTIC ORCHARD,EMB,LIBERIANA,29/01/2025 10:00:00,SUCOS CITRICOS A GRANEL,24000
CBO ANITA,EMB,BRASILEIRA,05/02/2025 06:00:00,CARGA GERAL,1
CBO ANITA,EMB,BRASILEIRA,20/02/2025 06:00:00,CARGA GERAL,1
